{
  "frame_id": "000001",
  "camera_id": "camera0",
  "timestamp": 1757194369.3145585,
  "camera_info": {
    "camera_id": "camera0",
    "camera_serial": "231622301930",
    "base_frame_id": "fr3_link0",
    "camera_to_base_transform": [
      [
        0.9998904722151586,
        -0.005879901335780369,
        0.013581985629086968,
        0.32037431007414763
      ],
      [
        -0.01337341938170944,
        -0.7520657241344096,
        0.6589524248655795,
        -0.040096190786592656
      ],
      [
        0.006339970614139601,
        -0.6590618888560221,
        -0.7520619864280764,
        0.5862757969185294
      ],
      [
        0.0,
        0.0,
        0.0,
        1.0
      ]
    ],
    "calibration_timestamp": "unknown"
  },
  "camera_intrinsics_and_extrinsics": {
    "depth_intrinsics": {
      "width": 1280,
      "height": 720,
      "ppx": 644.610595703125,
      "ppy": 364.8583679199219,
      "fx": 645.8049926757812,
      "fy": 645.8049926757812,
      "model": "distortion.brown_conrady",
      "coeffs": [
        0.0,
        0.0,
        0.0,
        0.0,
        0.0
      ]
    },
    "color_intrinsics": {
      "width": 1280,
      "height": 720,
      "ppx": 649.7760620117188,
      "ppy": 365.9671325683594,
      "fx": 642.8673706054688,
      "fy": 642.2747802734375,
      "model": "distortion.inverse_brown_conrady",
      "coeffs": [
        -0.05653649568557739,
        0.06833412498235703,
        -0.0006737117655575275,
        0.0010467995889484882,
        -0.02232186682522297
      ]
    },
    "depth_to_color_extrinsics": [
      [
        0.9999892711639404,
        -0.004400542471557856,
        -0.001451243762858212,
        -0.059053581207990646
      ],
      [
        0.004398508463054895,
        0.9999893307685852,
        -0.0014017046196386218,
        0.00026931159663945436
      ],
      [
        0.0014573965454474092,
        0.0013953063171356916,
        0.9999979734420776,
        0.00030599988531321287
      ],
      [
        0.0,
        0.0,
        0.0,
        1.0
      ]
    ],
    "depth_scale": 0.0010000000474974513
  },
  "robot_states": {
    "joint_positions": [
      0.43433662654788424,
      -0.46746760658460834,
      0.29735161687815836,
      -1.8051013727743346,
      0.16263365202083505,
      1.3856000328677034,
      1.5021965150429932
    ],
    "joint_velocities": [
      -0.0007542352450502911,
      0.0001332408101982212,
      -0.0012502951525839912,
      0.0009098173651592117,
      -0.0002579911130331826,
      -0.0008476987437254725,
      -0.0016305770443288136
    ],
    "end_effector_pose": {
      "position": [
        0.2493744081142988,
        0.3018617462918986,
        0.7074414705761302
      ],
      "orientation_quat": [
        0.713591269686242,
        -0.7002938235155841,
        -0.012395028466556676,
        -0.014913880877030253
      ]
    },
    "timestamp": 1757194369.253528
  },
  "file_paths": {
    "rgb_image": "camera0_rgb_000001.png",
    "depth_image": "camera0_depth_000001.png",
    "pointcloud": "camera0_pointcloud_000001.npy"
  },
  "depth_info": {
    "format": "uint8",
    "units": "millimeters",
    "scale_factor": 10.0,
    "range_mm": [
      0,
      2550
    ],
    "note": "Depth values scaled by factor of 10. To get mm: pixel_value * 10"
  },
  "pointcloud_info": {
    "format": "npz",
    "coordinate_frame": "color_camera",
    "units": "meters",
    "arrays": [
      "points",
      "colors"
    ],
    "note": "Point cloud in camera color frame. Points in meters, colors as RGB uint8"
  }
}